<?xml version="1.0" encoding="utf-8"?>
<!--/2409020/1357838/2.50/7/2/Switch/-->
<quadcept_library>
  <setting unit="mil" />
  <textstyle name="Default" height="47.244094488189" strokewidth="7.8740157480315" charwidth="47.244094488189" />
  <textstyle name="Dimension" height="19.6850393700787" strokewidth="0" charwidth="19.6850393700787" />
  <textstyle name="H127W0635TH00762" height="50" strokewidth="3" charwidth="25" />
  <textstyle name="H15W15TH02" height="59.0551181102362" strokewidth="7.8740157480315" charwidth="59.0551181102362" />
  <padstyle name="r90_80" surface="True" plated="False" isvia="False" nopaste="False" nomask="True" complex="False" holesize="0">
    <padshape layer="TOP" shape="rectangle" width="31.496062992126" height="35.433070866141" />
    <padshape layer="TOP_SOLDER_MASK" shape="rectangle" width="39.370078740157" height="43.307086614173" />
    <padshape layer="TOP_SOLDER_PASTE" shape="rectangle" width="31.496062992126" height="35.433070866141" />
  </padstyle>
  <padstyle name="r125_90" surface="True" plated="False" isvia="False" nopaste="False" nomask="True" complex="False" holesize="0">
    <padshape layer="TOP" shape="rectangle" width="35.433070866141" height="49.212598425196" />
    <padshape layer="TOP_SOLDER_MASK" shape="rectangle" width="43.307086614173" height="57.086614173228" />
    <padshape layer="TOP_SOLDER_PASTE" shape="rectangle" width="35.433070866141" height="49.212598425196" />
  </padstyle>
  <padstyle name="c45_h90" surface="False" plated="True" isvia="False" nopaste="True" nomask="True" complex="False" holesize="35.433070866141">
    <padshape layer="TOP" shape="round" width="17.716535433071" height="17.716535433071" />
    <padshape layer="TOP_SOLDER_MASK" shape="round" width="25.590551181102" height="25.590551181102" />
    <padshape layer="INNER" shape="round" width="17.716535433071" height="17.716535433071" />
    <padshape layer="BOTTOM" shape="round" width="17.716535433071" height="17.716535433071" />
    <padshape layer="BOTTOM_SOLDER_MASK" shape="round" width="25.590551181102" height="25.590551181102" />
  </padstyle>
  <footprint name="SK3296S01L3" originx="0" originy="0" pickpointx="0" pickpointy="0">
    <pcbpin number="1" name="1" style="r125_90" originx="88.582677165353" originy="-68.897637795275" rotation="0" />
    <pcbpin number="2" name="2" style="r125_90" originx="-29.527559055118" originy="-68.897637795275" rotation="0" />
    <pcbpin number="3" name="3" style="r125_90" originx="-88.582677165353" originy="-68.897637795275" rotation="0" />
    <pcbpin number="4" name="MH1" style="c45_h90" originx="-59.055118110235" originy="14.763779527559" rotation="90" />
    <pcbpin number="5" name="MH2" style="c45_h90" originx="59.055118110235" originy="14.763779527559" rotation="90" />
    <pcbpin number="6" name="MP1" style="r90_80" originx="-149.6062992126" originy="-28.543307086614" rotation="0" />
    <pcbpin number="7" name="MP2" style="r90_80" originx="-149.6062992126" originy="58.070866141732" rotation="0" />
    <pcbpin number="8" name="MP3" style="r90_80" originx="149.6062992126" originy="-28.543307086614" rotation="0" />
    <pcbpin number="9" name="MP4" style="r90_80" originx="149.6062992126" originy="58.070866141732" rotation="0" />
    <line layer="TOP_ASSEMBLY" originx="-129.92125984252" originy="-38.385826771653" endx="129.92125984252" endy="-38.385826771653" width="7.8740157480314" />
    <line layer="TOP_ASSEMBLY" originx="129.92125984252" originy="-38.385826771653" endx="129.92125984252" endy="67.913385826771" width="7.8740157480314" />
    <line layer="TOP_ASSEMBLY" originx="129.92125984252" originy="67.913385826771" endx="-129.92125984252" endy="67.913385826771" width="7.8740157480314" />
    <line layer="TOP_ASSEMBLY" originx="-129.92125984252" originy="67.913385826771" endx="-129.92125984252" endy="-38.385826771653" width="7.8740157480314" />
    <line layer="TOP_SILKSCREEN" originx="-108.26771653543" originy="68.897637795275" endx="108.26771653543" endy="68.897637795275" width="3.9370078740157" />
    <line layer="TOP_SILKSCREEN" originx="108.26771653543" originy="68.897637795275" endx="108.26771653543" endy="68.897637795275" width="3.9370078740157" />
    <line layer="TOP_SILKSCREEN" originx="108.26771653543" originy="68.897637795275" endx="-108.26771653543" endy="68.897637795275" width="3.9370078740157" />
    <line layer="TOP_SILKSCREEN" originx="-108.26771653543" originy="68.897637795275" endx="-108.26771653543" endy="68.897637795275" width="3.9370078740157" />
    <line layer="TOP_PLACE_BOUND" originx="-204.72440944882" originy="115.15748031496" endx="204.72440944882" endy="115.15748031496" width="3.9370078740157" />
    <line layer="TOP_PLACE_BOUND" originx="204.72440944882" originy="115.15748031496" endx="204.72440944882" endy="-198.81889763779" width="3.9370078740157" />
    <line layer="TOP_PLACE_BOUND" originx="204.72440944882" originy="-198.81889763779" endx="-204.72440944882" endy="-198.81889763779" width="3.9370078740157" />
    <line layer="TOP_PLACE_BOUND" originx="-204.72440944882" originy="-198.81889763779" endx="-204.72440944882" endy="115.15748031496" width="3.9370078740157" />
    <line layer="TOP_SILKSCREEN" originx="78.740157480314" originy="-157.48031496063" endx="78.740157480314" endy="-157.48031496063" width="7.8740157480314" />
    <arc layer="TOP_SILKSCREEN" originx="80.708661417322" originy="-157.48031496063" startangle="180.0" sweepangle="180.0" radius="1.9685039370078" width="7.8740157480314" />
    <line layer="TOP_SILKSCREEN" originx="82.67716535433" originy="-157.48031496063" endx="82.67716535433" endy="-157.48031496063" width="7.8740157480314" />
    <arc layer="TOP_SILKSCREEN" originx="80.708661417322" originy="-157.48031496063" startangle=".0" sweepangle="180.0" radius="1.9685039370078" width="7.8740157480314" />
    <line layer="TOP_SILKSCREEN" originx="78.740157480314" originy="-157.48031496063" endx="78.740157480314" endy="-157.48031496063" width="7.8740157480314" />
    <arc layer="TOP_SILKSCREEN" originx="80.708661417322" originy="-157.48031496063" startangle="180.0" sweepangle="180.0" radius="1.9685039370078" width="7.8740157480314" />
  </footprint>
  <symbol name="SK-3296S-01-L3" originx="0" originy="0">
    <line originx="200" originy="100" endx="800" endy="100" width="0" />
    <line originx="800" originy="-400" endx="800" endy="100" width="0" />
    <line originx="800" originy="-400" endx="200" endy="-400" width="0" />
    <line originx="200" originy="100" endx="200" endy="-400" width="0" />
    <sympin number="1" originx="200" originy="0" rotation="180" length="100" width="7.8740157480315" flipped="False">
      <text name="pinname" originx="230" originy="0" style="Default" rotation="0" justify="left" flipped="False" hidden="False" data="1" />
      <text name="pindes" originx="140" originy="20" style="Default" rotation="0" justify="lowerright" flipped="False" hidden="False" data="1" />
    </sympin>
    <sympin number="2" originx="200" originy="-100" rotation="180" length="100" width="7.8740157480315" flipped="False">
      <text name="pinname" originx="230" originy="-100" style="Default" rotation="0" justify="left" flipped="False" hidden="False" data="2" />
      <text name="pindes" originx="140" originy="-80" style="Default" rotation="0" justify="lowerright" flipped="False" hidden="False" data="2" />
    </sympin>
    <sympin number="3" originx="200" originy="-200" rotation="180" length="100" width="7.8740157480315" flipped="False">
      <text name="pinname" originx="230" originy="-200" style="Default" rotation="0" justify="left" flipped="False" hidden="False" data="3" />
      <text name="pindes" originx="140" originy="-180" style="Default" rotation="0" justify="lowerright" flipped="False" hidden="False" data="3" />
    </sympin>
    <sympin number="4" originx="200" originy="-300" rotation="180" length="100" width="7.8740157480315" flipped="False">
      <text name="pinname" originx="230" originy="-300" style="Default" rotation="0" justify="left" flipped="False" hidden="False" data="MP1" />
      <text name="pindes" originx="140" originy="-280" style="Default" rotation="0" justify="lowerright" flipped="False" hidden="False" data="MP1" />
    </sympin>
    <sympin number="5" originx="800" originy="0" rotation="0" length="100" width="7.8740157480315" flipped="False">
      <text name="pinname" originx="770" originy="0" style="Default" rotation="0" justify="right" flipped="False" hidden="False" data="MP2" />
      <text name="pindes" originx="860" originy="20" style="Default" rotation="0" justify="lowerleft" flipped="False" hidden="False" data="MP2" />
    </sympin>
    <sympin number="6" originx="800" originy="-100" rotation="0" length="100" width="7.8740157480315" flipped="False">
      <text name="pinname" originx="770" originy="-100" style="Default" rotation="0" justify="right" flipped="False" hidden="False" data="MP3" />
      <text name="pindes" originx="860" originy="-80" style="Default" rotation="0" justify="lowerleft" flipped="False" hidden="False" data="MP3" />
    </sympin>
    <sympin number="7" originx="800" originy="-200" rotation="0" length="100" width="7.8740157480315" flipped="False">
      <text name="pinname" originx="770" originy="-200" style="Default" rotation="0" justify="right" flipped="False" hidden="False" data="MP4" />
      <text name="pindes" originx="860" originy="-180" style="Default" rotation="0" justify="lowerleft" flipped="False" hidden="False" data="MP4" />
    </sympin>
  </symbol>
  <component name="SK-3296S-01-L3" designatorprefix="S" height="0" footprint="SK3296S01L3">
    <comppin designator="1" sympin="1" pinswap="0" gateswap="0" gate="1" group="1" side="" type="Any" name="1" />
    <comppin designator="2" sympin="2" pinswap="0" gateswap="0" gate="1" group="1" side="" type="Any" name="2" />
    <comppin designator="3" sympin="3" pinswap="0" gateswap="0" gate="1" group="1" side="" type="Any" name="3" />
    <comppin designator="MP1" sympin="4" pinswap="0" gateswap="0" gate="1" group="1" side="" type="Any" name="MP1" />
    <comppin designator="MP2" sympin="5" pinswap="0" gateswap="0" gate="1" group="1" side="" type="Any" name="MP2" />
    <comppin designator="MP3" sympin="6" pinswap="0" gateswap="0" gate="1" group="1" side="" type="Any" name="MP3" />
    <comppin designator="MP4" sympin="7" pinswap="0" gateswap="0" gate="1" group="1" side="" type="Any" name="MP4" />
    <attached_symbol gate="1" name="SK-3296S-01-L3" />
    <pinmap designator="1" footprintpin="1" />
    <pinmap designator="2" footprintpin="2" />
    <pinmap designator="3" footprintpin="3" />
    <pinmap designator="MP1" footprintpin="4" />
    <pinmap designator="MP2" footprintpin="5" />
    <pinmap designator="MP3" footprintpin="6" />
    <pinmap designator="MP4" footprintpin="7" />
    <text name="Datasheet" originx="0" originy="0" style="Default" rotation="0" justify="" flipped="False" hidden="True" data="https://datasheet.lcsc.com/lcsc/2110151630_XKB-Connectivity-SK-3296S-01-L3_C319019.pdf" />
    <text name="Description" originx="0" originy="0" style="Default" rotation="0" justify="" flipped="False" hidden="True" data="Toggle switch, side stick two gears,6.6x2.7x1.4, seven-pin small toggle, black handle 2.5mm high" />
    <text name="Manufacturer_Name" originx="0" originy="0" style="Default" rotation="0" justify="" flipped="False" hidden="True" data="XKB Connectivity" />
    <text name="Manufacturer_Part_Number" originx="850" originy="200" style="Default" rotation="0" justify="left" flipped="False" hidden="False" data="SK-3296S-01-L3" />
    <text name="Mouser Part Number" originx="0" originy="0" style="Default" rotation="0" justify="" flipped="False" hidden="True" data="" />
    <text name="Mouser Price/Stock" originx="0" originy="0" style="Default" rotation="0" justify="" flipped="False" hidden="True" data="" />
    <text name="Arrow Part Number" originx="0" originy="0" style="Default" rotation="0" justify="" flipped="False" hidden="True" data="" />
    <text name="Arrow Price/Stock" originx="0" originy="0" style="Default" rotation="0" justify="" flipped="False" hidden="True" data="" />
  </component>
</quadcept_library>
